id,date,amount,categoryId,categoryName,description,type
a790a13e-6a53-42ef-8567-e9d1b7f02793,2025-05-09 12:50,100.0,08b8d457-677f-4269-9670-d76811c20838,饮食,买了个冰激凌,EXPENSE
33da1ddb-3d4c-4b6f-8c7e-6843cccbb184,2025-05-09 16:26,500.0,ac0db0b0-5b04-47cc-9fba-4b85f41d7c33,红包,收入测试,INCOME
730b9d23-f680-4192-8f7e-0a2f6478519b,2025-05-09 16:42,200.0,d17891c0-256a-4a7c-9076-15b84e73ebff,购物,吃了,EXPENSE
c8d5ed81-0591-4d64-8234-e26cd0285854,2025-05-09 17:09,10.0,d17891c0-256a-4a7c-9076-15b84e73ebff,购物,10,EXPENSE
c79149c1-5157-4c69-b694-223524cd81da,2025-05-09 17:12,100.0,ac0db0b0-5b04-47cc-9fba-4b85f41d7c33,红包,100,INCOME
30160389-d926-4a9e-9c0b-4f7a7311e768,2025-05-09 17:13,1000.0,ac0db0b0-5b04-47cc-9fba-4b85f41d7c33,红包,1000,INCOME
301f4798-787e-45d4-bb5b-d1f7426f5293,2025-05-10 19:22,15.0,961f905e-f81a-406b-a35e-2f5c883bdd9f,交通,坐地铁,EXPENSE
